post_id,created_utc,subreddit,title,text,score,num_comments,upvote_ratio,url,author,source,title_clean,text_clean,full_text,date,year,month,day_of_week,hour
post_0,2025-10-30 10:52:11.760954,india,Disappointed with Samsung quality,Sample post text with product discussion and opinions.,86,59,0.8020345516403266,https://reddit.com/r/india/comments/0,user_0,hot,Disappointed with Samsung quality,Sample post text with product discussion and opinions.,Disappointed with Samsung quality Sample post text with product discussion and opinions.,2025-10-30,2025,10,3,10
post_180,2025-10-30 19:52:11.760954,IndianGaming,Looking for gaming headphones recommendations,Sample post text with product discussion and opinions.,387,80,0.6992194592424016,https://reddit.com/r/india/comments/180,user_180,hot,Looking for gaming headphones recommendations,Sample post text with product discussion and opinions.,Looking for gaming headphones recommendations Sample post text with product discussion and opinions.,2025-10-30,2025,10,3,19
post_60,2025-10-30 22:52:11.760954,india,Recommend good smartwatch for fitness,Sample post text with product discussion and opinions.,351,19,0.6451093074390033,https://reddit.com/r/india/comments/60,user_60,hot,Recommend good smartwatch for fitness,Sample post text with product discussion and opinions.,Recommend good smartwatch for fitness Sample post text with product discussion and opinions.,2025-10-30,2025,10,3,22
post_120,2025-10-30 22:52:11.760954,IndianFashion,Disappointed with Samsung quality,Sample post text with product discussion and opinions.,424,30,0.9300567760287012,https://reddit.com/r/india/comments/120,user_120,hot,Disappointed with Samsung quality,Sample post text with product discussion and opinions.,Disappointed with Samsung quality Sample post text with product discussion and opinions.,2025-10-30,2025,10,3,22
post_1,2025-10-31 08:52:11.760954,india,Recommend good smartwatch for fitness,Sample post text with product discussion and opinions.,103,11,0.7138611148095767,https://reddit.com/r/india/comments/1,user_1,hot,Recommend good smartwatch for fitness,Sample post text with product discussion and opinions.,Recommend good smartwatch for fitness Sample post text with product discussion and opinions.,2025-10-31,2025,10,4,8
post_121,2025-10-31 08:52:11.760954,bangalore,Looking for gaming headphones recommendations,Sample post text with product discussion and opinions.,380,39,0.9114469424986844,https://reddit.com/r/india/comments/121,user_121,hot,Looking for gaming headphones recommendations,Sample post text with product discussion and opinions.,Looking for gaming headphones recommendations Sample post text with product discussion and opinions.,2025-10-31,2025,10,4,8
post_61,2025-10-31 08:52:11.760954,bangalore,Looking for gaming headphones recommendations,Sample post text with product discussion and opinions.,217,84,0.6922545336083519,https://reddit.com/r/india/comments/61,user_61,hot,Looking for gaming headphones recommendations,Sample post text with product discussion and opinions.,Looking for gaming headphones recommendations Sample post text with product discussion and opinions.,2025-10-31,2025,10,4,8
post_181,2025-10-31 20:52:11.760954,IndianFashion,Great customer service from Flipkart,Sample post text with product discussion and opinions.,173,28,0.7361207182017777,https://reddit.com/r/india/comments/181,user_181,hot,Great customer service from Flipkart,Sample post text with product discussion and opinions.,Great customer service from Flipkart Sample post text with product discussion and opinions.,2025-10-31,2025,10,4,20
post_122,2025-10-31 23:52:11.760954,india,Review of new iPhone - totally worth it!,Sample post text with product discussion and opinions.,134,1,0.6014765591019865,https://reddit.com/r/india/comments/122,user_122,hot,Review of new iPhone - totally worth it!,Sample post text with product discussion and opinions.,Review of new iPhone - totally worth it! Sample post text with product discussion and opinions.,2025-10-31,2025,10,4,23
post_62,2025-11-01 11:52:11.760954,IndianFashion,Awesome deal on Amazon today!,Sample post text with product discussion and opinions.,61,51,0.6897539448300539,https://reddit.com/r/india/comments/62,user_62,hot,Awesome deal on Amazon today!,Sample post text with product discussion and opinions.,Awesome deal on Amazon today! Sample post text with product discussion and opinions.,2025-11-01,2025,11,5,11
post_182,2025-11-01 18:52:11.760954,mumbai,Disappointed with Samsung quality,Sample post text with product discussion and opinions.,425,29,0.9399500520520604,https://reddit.com/r/india/comments/182,user_182,hot,Disappointed with Samsung quality,Sample post text with product discussion and opinions.,Disappointed with Samsung quality Sample post text with product discussion and opinions.,2025-11-01,2025,11,5,18
post_2,2025-11-01 21:52:11.760954,india,OnePlus phone battery drains too fast,Sample post text with product discussion and opinions.,288,73,0.7721002559550675,https://reddit.com/r/india/comments/2,user_2,hot,OnePlus phone battery drains too fast,Sample post text with product discussion and opinions.,OnePlus phone battery drains too fast Sample post text with product discussion and opinions.,2025-11-01,2025,11,5,21
post_183,2025-11-02 02:52:11.760954,india,Disappointed with Samsung quality,Sample post text with product discussion and opinions.,169,16,0.6883195243539932,https://reddit.com/r/india/comments/183,user_183,hot,Disappointed with Samsung quality,Sample post text with product discussion and opinions.,Disappointed with Samsung quality Sample post text with product discussion and opinions.,2025-11-02,2025,11,6,2
post_3,2025-11-02 10:52:11.760954,IndianGaming,Looking for gaming headphones recommendations,Sample post text with product discussion and opinions.,128,30,0.8287261398105905,https://reddit.com/r/india/comments/3,user_3,hot,Looking for gaming headphones recommendations,Sample post text with product discussion and opinions.,Looking for gaming headphones recommendations Sample post text with product discussion and opinions.,2025-11-02,2025,11,6,10
post_123,2025-11-02 19:52:11.760954,india,Review of new iPhone - totally worth it!,Sample post text with product discussion and opinions.,276,25,0.8871470582067031,https://reddit.com/r/india/comments/123,user_123,hot,Review of new iPhone - totally worth it!,Sample post text with product discussion and opinions.,Review of new iPhone - totally worth it! Sample post text with product discussion and opinions.,2025-11-02,2025,11,6,19
post_63,2025-11-02 21:52:11.760954,mumbai,OnePlus phone battery drains too fast,Sample post text with product discussion and opinions.,340,91,0.7079270706105891,https://reddit.com/r/india/comments/63,user_63,hot,OnePlus phone battery drains too fast,Sample post text with product discussion and opinions.,OnePlus phone battery drains too fast Sample post text with product discussion and opinions.,2025-11-02,2025,11,6,21
post_4,2025-11-03 01:52:11.760954,IndianFashion,OnePlus phone battery drains too fast,Sample post text with product discussion and opinions.,25,14,0.9031515880787756,https://reddit.com/r/india/comments/4,user_4,hot,OnePlus phone battery drains too fast,Sample post text with product discussion and opinions.,OnePlus phone battery drains too fast Sample post text with product discussion and opinions.,2025-11-03,2025,11,0,1
post_64,2025-11-03 02:52:11.760954,india,"Just bought Nike shoes, amazing quality",Sample post text with product discussion and opinions.,312,53,0.6769284719683096,https://reddit.com/r/india/comments/64,user_64,hot,"Just bought Nike shoes, amazing quality",Sample post text with product discussion and opinions.,"Just bought Nike shoes, amazing quality Sample post text with product discussion and opinions.",2025-11-03,2025,11,0,2
post_184,2025-11-03 07:52:11.760954,IndianFashion,Awesome deal on Amazon today!,Sample post text with product discussion and opinions.,465,68,0.8463601250077328,https://reddit.com/r/india/comments/184,user_184,hot,Awesome deal on Amazon today!,Sample post text with product discussion and opinions.,Awesome deal on Amazon today! Sample post text with product discussion and opinions.,2025-11-03,2025,11,0,7
post_124,2025-11-03 20:52:11.760954,IndianGaming,Review of new iPhone - totally worth it!,Sample post text with product discussion and opinions.,141,1,0.8744329201393175,https://reddit.com/r/india/comments/124,user_124,hot,Review of new iPhone - totally worth it!,Sample post text with product discussion and opinions.,Review of new iPhone - totally worth it! Sample post text with product discussion and opinions.,2025-11-03,2025,11,0,20
post_5,2025-11-04 01:52:11.760954,IndianFashion,Awesome deal on Amazon today!,Sample post text with product discussion and opinions.,35,37,0.7222689656663256,https://reddit.com/r/india/comments/5,user_5,hot,Awesome deal on Amazon today!,Sample post text with product discussion and opinions.,Awesome deal on Amazon today! Sample post text with product discussion and opinions.,2025-11-04,2025,11,1,1
post_185,2025-11-04 10:52:11.760954,mumbai,Review of new iPhone - totally worth it!,Sample post text with product discussion and opinions.,317,90,0.7338247938272364,https://reddit.com/r/india/comments/185,user_185,hot,Review of new iPhone - totally worth it!,Sample post text with product discussion and opinions.,Review of new iPhone - totally worth it! Sample post text with product discussion and opinions.,2025-11-04,2025,11,1,10
post_125,2025-11-04 19:52:11.760954,india,Looking for gaming headphones recommendations,Sample post text with product discussion and opinions.,467,85,0.8961568618280579,https://reddit.com/r/india/comments/125,user_125,hot,Looking for gaming headphones recommendations,Sample post text with product discussion and opinions.,Looking for gaming headphones recommendations Sample post text with product discussion and opinions.,2025-11-04,2025,11,1,19
post_65,2025-11-04 20:52:11.760954,IndianGaming,Best laptop to buy under 50k?,Sample post text with product discussion and opinions.,375,89,0.6245255837174498,https://reddit.com/r/india/comments/65,user_65,hot,Best laptop to buy under 50k?,Sample post text with product discussion and opinions.,Best laptop to buy under 50k? Sample post text with product discussion and opinions.,2025-11-04,2025,11,1,20
post_186,2025-11-05 09:52:11.760954,IndianFashion,Best laptop to buy under 50k?,Sample post text with product discussion and opinions.,164,47,0.7967816093075668,https://reddit.com/r/india/comments/186,user_186,hot,Best laptop to buy under 50k?,Sample post text with product discussion and opinions.,Best laptop to buy under 50k? Sample post text with product discussion and opinions.,2025-11-05,2025,11,2,9
post_126,2025-11-05 10:52:11.760954,IndianFashion,Great customer service from Flipkart,Sample post text with product discussion and opinions.,256,36,0.6889848759130234,https://reddit.com/r/india/comments/126,user_126,hot,Great customer service from Flipkart,Sample post text with product discussion and opinions.,Great customer service from Flipkart Sample post text with product discussion and opinions.,2025-11-05,2025,11,2,10
post_6,2025-11-05 20:52:11.760954,bangalore,OnePlus phone battery drains too fast,Sample post text with product discussion and opinions.,250,0,0.8446656135892708,https://reddit.com/r/india/comments/6,user_6,hot,OnePlus phone battery drains too fast,Sample post text with product discussion and opinions.,OnePlus phone battery drains too fast Sample post text with product discussion and opinions.,2025-11-05,2025,11,2,20
post_66,2025-11-05 22:52:11.760954,mumbai,"Just bought Nike shoes, amazing quality",Sample post text with product discussion and opinions.,415,65,0.8852678035817341,https://reddit.com/r/india/comments/66,user_66,hot,"Just bought Nike shoes, amazing quality",Sample post text with product discussion and opinions.,"Just bought Nike shoes, amazing quality Sample post text with product discussion and opinions.",2025-11-05,2025,11,2,22
post_127,2025-11-06 05:52:11.760954,india,Looking for gaming headphones recommendations,Sample post text with product discussion and opinions.,79,37,0.7599095038017785,https://reddit.com/r/india/comments/127,user_127,hot,Looking for gaming headphones recommendations,Sample post text with product discussion and opinions.,Looking for gaming headphones recommendations Sample post text with product discussion and opinions.,2025-11-06,2025,11,3,5
post_7,2025-11-06 05:52:11.760954,bangalore,Review of new iPhone - totally worth it!,Sample post text with product discussion and opinions.,499,44,0.754998894678723,https://reddit.com/r/india/comments/7,user_7,hot,Review of new iPhone - totally worth it!,Sample post text with product discussion and opinions.,Review of new iPhone - totally worth it! Sample post text with product discussion and opinions.,2025-11-06,2025,11,3,5
post_67,2025-11-06 10:52:11.760954,bangalore,Best laptop to buy under 50k?,Sample post text with product discussion and opinions.,60,71,0.885453881536131,https://reddit.com/r/india/comments/67,user_67,hot,Best laptop to buy under 50k?,Sample post text with product discussion and opinions.,Best laptop to buy under 50k? Sample post text with product discussion and opinions.,2025-11-06,2025,11,3,10
post_187,2025-11-06 12:52:11.760954,mumbai,Recommend good smartwatch for fitness,Sample post text with product discussion and opinions.,306,66,0.7954240393659234,https://reddit.com/r/india/comments/187,user_187,hot,Recommend good smartwatch for fitness,Sample post text with product discussion and opinions.,Recommend good smartwatch for fitness Sample post text with product discussion and opinions.,2025-11-06,2025,11,3,12
post_8,2025-11-06 23:52:11.760954,IndianGaming,Recommend good smartwatch for fitness,Sample post text with product discussion and opinions.,50,39,0.6333818129867949,https://reddit.com/r/india/comments/8,user_8,hot,Recommend good smartwatch for fitness,Sample post text with product discussion and opinions.,Recommend good smartwatch for fitness Sample post text with product discussion and opinions.,2025-11-06,2025,11,3,23
post_68,2025-11-07 08:52:11.760954,india,Awesome deal on Amazon today!,Sample post text with product discussion and opinions.,272,75,0.8854355066693689,https://reddit.com/r/india/comments/68,user_68,hot,Awesome deal on Amazon today!,Sample post text with product discussion and opinions.,Awesome deal on Amazon today! Sample post text with product discussion and opinions.,2025-11-07,2025,11,4,8
post_128,2025-11-07 19:52:11.760954,mumbai,Best laptop to buy under 50k?,Sample post text with product discussion and opinions.,391,22,0.8731355018072094,https://reddit.com/r/india/comments/128,user_128,hot,Best laptop to buy under 50k?,Sample post text with product discussion and opinions.,Best laptop to buy under 50k? Sample post text with product discussion and opinions.,2025-11-07,2025,11,4,19
post_188,2025-11-07 21:52:11.760954,IndianFashion,Disappointed with Samsung quality,Sample post text with product discussion and opinions.,410,28,0.6822907293498354,https://reddit.com/r/india/comments/188,user_188,hot,Disappointed with Samsung quality,Sample post text with product discussion and opinions.,Disappointed with Samsung quality Sample post text with product discussion and opinions.,2025-11-07,2025,11,4,21
post_69,2025-11-07 23:52:11.760954,mumbai,Great customer service from Flipkart,Sample post text with product discussion and opinions.,379,4,0.6093041042186013,https://reddit.com/r/india/comments/69,user_69,hot,Great customer service from Flipkart,Sample post text with product discussion and opinions.,Great customer service from Flipkart Sample post text with product discussion and opinions.,2025-11-07,2025,11,4,23
post_129,2025-11-08 03:52:11.760954,mumbai,"Just bought Nike shoes, amazing quality",Sample post text with product discussion and opinions.,413,62,0.9466554040810676,https://reddit.com/r/india/comments/129,user_129,hot,"Just bought Nike shoes, amazing quality",Sample post text with product discussion and opinions.,"Just bought Nike shoes, amazing quality Sample post text with product discussion and opinions.",2025-11-08,2025,11,5,3
post_9,2025-11-08 09:52:11.760954,india,Review of new iPhone - totally worth it!,Sample post text with product discussion and opinions.,472,14,0.9468500115206372,https://reddit.com/r/india/comments/9,user_9,hot,Review of new iPhone - totally worth it!,Sample post text with product discussion and opinions.,Review of new iPhone - totally worth it! Sample post text with product discussion and opinions.,2025-11-08,2025,11,5,9
post_189,2025-11-08 10:52:11.760954,bangalore,"Just bought Nike shoes, amazing quality",Sample post text with product discussion and opinions.,411,42,0.6500751636438324,https://reddit.com/r/india/comments/189,user_189,hot,"Just bought Nike shoes, amazing quality",Sample post text with product discussion and opinions.,"Just bought Nike shoes, amazing quality Sample post text with product discussion and opinions.",2025-11-08,2025,11,5,10
post_130,2025-11-09 00:52:11.760954,mumbai,Great customer service from Flipkart,Sample post text with product discussion and opinions.,173,20,0.7306711022825534,https://reddit.com/r/india/comments/130,user_130,hot,Great customer service from Flipkart,Sample post text with product discussion and opinions.,Great customer service from Flipkart Sample post text with product discussion and opinions.,2025-11-09,2025,11,6,0
post_190,2025-11-09 01:52:11.760954,mumbai,Review of new iPhone - totally worth it!,Sample post text with product discussion and opinions.,157,83,0.8261300547737759,https://reddit.com/r/india/comments/190,user_190,hot,Review of new iPhone - totally worth it!,Sample post text with product discussion and opinions.,Review of new iPhone - totally worth it! Sample post text with product discussion and opinions.,2025-11-09,2025,11,6,1
post_10,2025-11-09 06:52:11.760954,IndianGaming,Awesome deal on Amazon today!,Sample post text with product discussion and opinions.,372,19,0.8161954141083427,https://reddit.com/r/india/comments/10,user_10,hot,Awesome deal on Amazon today!,Sample post text with product discussion and opinions.,Awesome deal on Amazon today! Sample post text with product discussion and opinions.,2025-11-09,2025,11,6,6
post_70,2025-11-09 20:52:11.760954,bangalore,OnePlus phone battery drains too fast,Sample post text with product discussion and opinions.,371,85,0.937173422184254,https://reddit.com/r/india/comments/70,user_70,hot,OnePlus phone battery drains too fast,Sample post text with product discussion and opinions.,OnePlus phone battery drains too fast Sample post text with product discussion and opinions.,2025-11-09,2025,11,6,20
post_131,2025-11-10 04:52:11.760954,IndianFashion,Review of new iPhone - totally worth it!,Sample post text with product discussion and opinions.,408,47,0.8623436583935775,https://reddit.com/r/india/comments/131,user_131,hot,Review of new iPhone - totally worth it!,Sample post text with product discussion and opinions.,Review of new iPhone - totally worth it! Sample post text with product discussion and opinions.,2025-11-10,2025,11,0,4
post_71,2025-11-10 06:52:11.760954,IndianGaming,Review of new iPhone - totally worth it!,Sample post text with product discussion and opinions.,198,26,0.7021370183958465,https://reddit.com/r/india/comments/71,user_71,hot,Review of new iPhone - totally worth it!,Sample post text with product discussion and opinions.,Review of new iPhone - totally worth it! Sample post text with product discussion and opinions.,2025-11-10,2025,11,0,6
post_11,2025-11-10 11:52:11.760954,india,Disappointed with Samsung quality,Sample post text with product discussion and opinions.,61,84,0.6060423860944688,https://reddit.com/r/india/comments/11,user_11,hot,Disappointed with Samsung quality,Sample post text with product discussion and opinions.,Disappointed with Samsung quality Sample post text with product discussion and opinions.,2025-11-10,2025,11,0,11
post_191,2025-11-10 13:52:11.760954,india,Disappointed with Samsung quality,Sample post text with product discussion and opinions.,245,77,0.7469057180788888,https://reddit.com/r/india/comments/191,user_191,hot,Disappointed with Samsung quality,Sample post text with product discussion and opinions.,Disappointed with Samsung quality Sample post text with product discussion and opinions.,2025-11-10,2025,11,0,13
post_132,2025-11-11 06:52:11.760954,IndianGaming,Looking for gaming headphones recommendations,Sample post text with product discussion and opinions.,236,79,0.6338659919406354,https://reddit.com/r/india/comments/132,user_132,hot,Looking for gaming headphones recommendations,Sample post text with product discussion and opinions.,Looking for gaming headphones recommendations Sample post text with product discussion and opinions.,2025-11-11,2025,11,1,6
post_12,2025-11-11 15:52:11.760954,bangalore,Best laptop to buy under 50k?,Sample post text with product discussion and opinions.,424,0,0.822451262725471,https://reddit.com/r/india/comments/12,user_12,hot,Best laptop to buy under 50k?,Sample post text with product discussion and opinions.,Best laptop to buy under 50k? Sample post text with product discussion and opinions.,2025-11-11,2025,11,1,15
post_72,2025-11-11 15:52:11.760954,mumbai,"Just bought Nike shoes, amazing quality",Sample post text with product discussion and opinions.,281,22,0.7979412891308637,https://reddit.com/r/india/comments/72,user_72,hot,"Just bought Nike shoes, amazing quality",Sample post text with product discussion and opinions.,"Just bought Nike shoes, amazing quality Sample post text with product discussion and opinions.",2025-11-11,2025,11,1,15
post_192,2025-11-11 22:52:11.760954,IndianFashion,Looking for gaming headphones recommendations,Sample post text with product discussion and opinions.,122,87,0.912808567556266,https://reddit.com/r/india/comments/192,user_192,hot,Looking for gaming headphones recommendations,Sample post text with product discussion and opinions.,Looking for gaming headphones recommendations Sample post text with product discussion and opinions.,2025-11-11,2025,11,1,22
post_73,2025-11-12 00:52:11.760954,IndianFashion,Review of new iPhone - totally worth it!,Sample post text with product discussion and opinions.,37,68,0.8621373778411554,https://reddit.com/r/india/comments/73,user_73,hot,Review of new iPhone - totally worth it!,Sample post text with product discussion and opinions.,Review of new iPhone - totally worth it! Sample post text with product discussion and opinions.,2025-11-12,2025,11,2,0
post_13,2025-11-12 11:52:11.760954,IndianFashion,Recommend good smartwatch for fitness,Sample post text with product discussion and opinions.,315,4,0.764449635623848,https://reddit.com/r/india/comments/13,user_13,hot,Recommend good smartwatch for fitness,Sample post text with product discussion and opinions.,Recommend good smartwatch for fitness Sample post text with product discussion and opinions.,2025-11-12,2025,11,2,11
post_133,2025-11-12 13:52:11.760954,mumbai,Best laptop to buy under 50k?,Sample post text with product discussion and opinions.,17,4,0.7743314320848307,https://reddit.com/r/india/comments/133,user_133,hot,Best laptop to buy under 50k?,Sample post text with product discussion and opinions.,Best laptop to buy under 50k? Sample post text with product discussion and opinions.,2025-11-12,2025,11,2,13
post_193,2025-11-12 15:52:11.760954,IndianGaming,Great customer service from Flipkart,Sample post text with product discussion and opinions.,469,63,0.7439714033111244,https://reddit.com/r/india/comments/193,user_193,hot,Great customer service from Flipkart,Sample post text with product discussion and opinions.,Great customer service from Flipkart Sample post text with product discussion and opinions.,2025-11-12,2025,11,2,15
post_134,2025-11-13 04:52:11.760954,IndianFashion,Looking for gaming headphones recommendations,Sample post text with product discussion and opinions.,452,36,0.6630351924679121,https://reddit.com/r/india/comments/134,user_134,hot,Looking for gaming headphones recommendations,Sample post text with product discussion and opinions.,Looking for gaming headphones recommendations Sample post text with product discussion and opinions.,2025-11-13,2025,11,3,4
post_14,2025-11-13 06:52:11.760954,IndianFashion,"Product arrived damaged, poor packaging",Sample post text with product discussion and opinions.,92,99,0.7451713646855209,https://reddit.com/r/india/comments/14,user_14,hot,"Product arrived damaged, poor packaging",Sample post text with product discussion and opinions.,"Product arrived damaged, poor packaging Sample post text with product discussion and opinions.",2025-11-13,2025,11,3,6
post_194,2025-11-13 06:52:11.760954,bangalore,Best laptop to buy under 50k?,Sample post text with product discussion and opinions.,329,36,0.7030295826848603,https://reddit.com/r/india/comments/194,user_194,hot,Best laptop to buy under 50k?,Sample post text with product discussion and opinions.,Best laptop to buy under 50k? Sample post text with product discussion and opinions.,2025-11-13,2025,11,3,6
post_74,2025-11-13 07:52:11.760954,india,"Product arrived damaged, poor packaging",Sample post text with product discussion and opinions.,231,70,0.7768849458097418,https://reddit.com/r/india/comments/74,user_74,hot,"Product arrived damaged, poor packaging",Sample post text with product discussion and opinions.,"Product arrived damaged, poor packaging Sample post text with product discussion and opinions.",2025-11-13,2025,11,3,7
post_135,2025-11-14 04:52:11.760954,india,OnePlus phone battery drains too fast,Sample post text with product discussion and opinions.,177,56,0.65240741887749,https://reddit.com/r/india/comments/135,user_135,hot,OnePlus phone battery drains too fast,Sample post text with product discussion and opinions.,OnePlus phone battery drains too fast Sample post text with product discussion and opinions.,2025-11-14,2025,11,4,4
post_15,2025-11-14 05:52:11.760954,mumbai,Recommend good smartwatch for fitness,Sample post text with product discussion and opinions.,176,41,0.604798577447959,https://reddit.com/r/india/comments/15,user_15,hot,Recommend good smartwatch for fitness,Sample post text with product discussion and opinions.,Recommend good smartwatch for fitness Sample post text with product discussion and opinions.,2025-11-14,2025,11,4,5
post_195,2025-11-14 10:52:11.760954,IndianGaming,Disappointed with Samsung quality,Sample post text with product discussion and opinions.,435,42,0.6766733599629897,https://reddit.com/r/india/comments/195,user_195,hot,Disappointed with Samsung quality,Sample post text with product discussion and opinions.,Disappointed with Samsung quality Sample post text with product discussion and opinions.,2025-11-14,2025,11,4,10
post_75,2025-11-14 12:52:11.760954,IndianFashion,Review of new iPhone - totally worth it!,Sample post text with product discussion and opinions.,134,54,0.617125241720741,https://reddit.com/r/india/comments/75,user_75,hot,Review of new iPhone - totally worth it!,Sample post text with product discussion and opinions.,Review of new iPhone - totally worth it! Sample post text with product discussion and opinions.,2025-11-14,2025,11,4,12
post_76,2025-11-14 23:52:11.760954,IndianGaming,"Product arrived damaged, poor packaging",Sample post text with product discussion and opinions.,101,8,0.9125893109384272,https://reddit.com/r/india/comments/76,user_76,hot,"Product arrived damaged, poor packaging",Sample post text with product discussion and opinions.,"Product arrived damaged, poor packaging Sample post text with product discussion and opinions.",2025-11-14,2025,11,4,23
post_196,2025-11-15 13:52:11.760954,bangalore,Awesome deal on Amazon today!,Sample post text with product discussion and opinions.,292,59,0.8876571088567646,https://reddit.com/r/india/comments/196,user_196,hot,Awesome deal on Amazon today!,Sample post text with product discussion and opinions.,Awesome deal on Amazon today! Sample post text with product discussion and opinions.,2025-11-15,2025,11,5,13
post_16,2025-11-15 17:52:11.760954,IndianGaming,Awesome deal on Amazon today!,Sample post text with product discussion and opinions.,190,34,0.765819152229253,https://reddit.com/r/india/comments/16,user_16,hot,Awesome deal on Amazon today!,Sample post text with product discussion and opinions.,Awesome deal on Amazon today! Sample post text with product discussion and opinions.,2025-11-15,2025,11,5,17
post_136,2025-11-15 21:52:11.760954,mumbai,"Just bought Nike shoes, amazing quality",Sample post text with product discussion and opinions.,60,92,0.6071961974389259,https://reddit.com/r/india/comments/136,user_136,hot,"Just bought Nike shoes, amazing quality",Sample post text with product discussion and opinions.,"Just bought Nike shoes, amazing quality Sample post text with product discussion and opinions.",2025-11-15,2025,11,5,21
post_197,2025-11-16 07:52:11.760954,india,Recommend good smartwatch for fitness,Sample post text with product discussion and opinions.,309,73,0.9270635822984654,https://reddit.com/r/india/comments/197,user_197,hot,Recommend good smartwatch for fitness,Sample post text with product discussion and opinions.,Recommend good smartwatch for fitness Sample post text with product discussion and opinions.,2025-11-16,2025,11,6,7
post_77,2025-11-16 11:52:11.760954,mumbai,"Just bought Nike shoes, amazing quality",Sample post text with product discussion and opinions.,220,79,0.8462366360028357,https://reddit.com/r/india/comments/77,user_77,hot,"Just bought Nike shoes, amazing quality",Sample post text with product discussion and opinions.,"Just bought Nike shoes, amazing quality Sample post text with product discussion and opinions.",2025-11-16,2025,11,6,11
post_17,2025-11-16 12:52:11.760954,IndianGaming,Recommend good smartwatch for fitness,Sample post text with product discussion and opinions.,202,37,0.8527965648666538,https://reddit.com/r/india/comments/17,user_17,hot,Recommend good smartwatch for fitness,Sample post text with product discussion and opinions.,Recommend good smartwatch for fitness Sample post text with product discussion and opinions.,2025-11-16,2025,11,6,12
post_137,2025-11-16 14:52:11.760954,IndianGaming,Best laptop to buy under 50k?,Sample post text with product discussion and opinions.,457,64,0.8413010459037358,https://reddit.com/r/india/comments/137,user_137,hot,Best laptop to buy under 50k?,Sample post text with product discussion and opinions.,Best laptop to buy under 50k? Sample post text with product discussion and opinions.,2025-11-16,2025,11,6,14
post_198,2025-11-17 03:52:11.760954,mumbai,Awesome deal on Amazon today!,Sample post text with product discussion and opinions.,60,24,0.6638464836461617,https://reddit.com/r/india/comments/198,user_198,hot,Awesome deal on Amazon today!,Sample post text with product discussion and opinions.,Awesome deal on Amazon today! Sample post text with product discussion and opinions.,2025-11-17,2025,11,0,3
post_138,2025-11-17 15:52:11.760954,IndianGaming,OnePlus phone battery drains too fast,Sample post text with product discussion and opinions.,53,51,0.8676503340672101,https://reddit.com/r/india/comments/138,user_138,hot,OnePlus phone battery drains too fast,Sample post text with product discussion and opinions.,OnePlus phone battery drains too fast Sample post text with product discussion and opinions.,2025-11-17,2025,11,0,15
post_78,2025-11-17 21:52:11.760954,bangalore,Disappointed with Samsung quality,Sample post text with product discussion and opinions.,363,19,0.6649352684069659,https://reddit.com/r/india/comments/78,user_78,hot,Disappointed with Samsung quality,Sample post text with product discussion and opinions.,Disappointed with Samsung quality Sample post text with product discussion and opinions.,2025-11-17,2025,11,0,21
post_18,2025-11-17 22:52:11.760954,bangalore,Review of new iPhone - totally worth it!,Sample post text with product discussion and opinions.,53,10,0.8991902635077383,https://reddit.com/r/india/comments/18,user_18,hot,Review of new iPhone - totally worth it!,Sample post text with product discussion and opinions.,Review of new iPhone - totally worth it! Sample post text with product discussion and opinions.,2025-11-17,2025,11,0,22
post_199,2025-11-18 01:52:11.760954,bangalore,"Product arrived damaged, poor packaging",Sample post text with product discussion and opinions.,331,22,0.8144821089838908,https://reddit.com/r/india/comments/199,user_199,hot,"Product arrived damaged, poor packaging",Sample post text with product discussion and opinions.,"Product arrived damaged, poor packaging Sample post text with product discussion and opinions.",2025-11-18,2025,11,1,1
post_79,2025-11-18 17:52:11.760954,india,Recommend good smartwatch for fitness,Sample post text with product discussion and opinions.,337,90,0.7001539304882527,https://reddit.com/r/india/comments/79,user_79,hot,Recommend good smartwatch for fitness,Sample post text with product discussion and opinions.,Recommend good smartwatch for fitness Sample post text with product discussion and opinions.,2025-11-18,2025,11,1,17
post_19,2025-11-18 20:52:11.760954,mumbai,Looking for gaming headphones recommendations,Sample post text with product discussion and opinions.,11,96,0.7748183395409389,https://reddit.com/r/india/comments/19,user_19,hot,Looking for gaming headphones recommendations,Sample post text with product discussion and opinions.,Looking for gaming headphones recommendations Sample post text with product discussion and opinions.,2025-11-18,2025,11,1,20
post_139,2025-11-18 20:52:11.760954,IndianFashion,Best laptop to buy under 50k?,Sample post text with product discussion and opinions.,92,84,0.6238975989903868,https://reddit.com/r/india/comments/139,user_139,hot,Best laptop to buy under 50k?,Sample post text with product discussion and opinions.,Best laptop to buy under 50k? Sample post text with product discussion and opinions.,2025-11-18,2025,11,1,20
post_140,2025-11-19 03:52:11.760954,IndianFashion,Great customer service from Flipkart,Sample post text with product discussion and opinions.,480,75,0.939017397207764,https://reddit.com/r/india/comments/140,user_140,hot,Great customer service from Flipkart,Sample post text with product discussion and opinions.,Great customer service from Flipkart Sample post text with product discussion and opinions.,2025-11-19,2025,11,2,3
post_20,2025-11-19 12:52:11.760954,bangalore,Review of new iPhone - totally worth it!,Sample post text with product discussion and opinions.,463,87,0.9289865072266628,https://reddit.com/r/india/comments/20,user_20,hot,Review of new iPhone - totally worth it!,Sample post text with product discussion and opinions.,Review of new iPhone - totally worth it! Sample post text with product discussion and opinions.,2025-11-19,2025,11,2,12
post_80,2025-11-19 18:52:11.760954,bangalore,Looking for gaming headphones recommendations,Sample post text with product discussion and opinions.,371,47,0.7278712189423064,https://reddit.com/r/india/comments/80,user_80,hot,Looking for gaming headphones recommendations,Sample post text with product discussion and opinions.,Looking for gaming headphones recommendations Sample post text with product discussion and opinions.,2025-11-19,2025,11,2,18
post_81,2025-11-20 00:52:11.760954,india,Looking for gaming headphones recommendations,Sample post text with product discussion and opinions.,91,14,0.6489286711678132,https://reddit.com/r/india/comments/81,user_81,hot,Looking for gaming headphones recommendations,Sample post text with product discussion and opinions.,Looking for gaming headphones recommendations Sample post text with product discussion and opinions.,2025-11-20,2025,11,3,0
post_21,2025-11-20 12:52:11.760954,IndianFashion,"Just bought Nike shoes, amazing quality",Sample post text with product discussion and opinions.,462,18,0.8511125497925915,https://reddit.com/r/india/comments/21,user_21,hot,"Just bought Nike shoes, amazing quality",Sample post text with product discussion and opinions.,"Just bought Nike shoes, amazing quality Sample post text with product discussion and opinions.",2025-11-20,2025,11,3,12
post_141,2025-11-20 20:52:11.760954,india,Looking for gaming headphones recommendations,Sample post text with product discussion and opinions.,67,83,0.6274535838894794,https://reddit.com/r/india/comments/141,user_141,hot,Looking for gaming headphones recommendations,Sample post text with product discussion and opinions.,Looking for gaming headphones recommendations Sample post text with product discussion and opinions.,2025-11-20,2025,11,3,20
post_82,2025-11-21 08:52:11.760954,IndianFashion,Review of new iPhone - totally worth it!,Sample post text with product discussion and opinions.,78,2,0.6442884183222762,https://reddit.com/r/india/comments/82,user_82,hot,Review of new iPhone - totally worth it!,Sample post text with product discussion and opinions.,Review of new iPhone - totally worth it! Sample post text with product discussion and opinions.,2025-11-21,2025,11,4,8
post_142,2025-11-21 11:52:11.760954,IndianFashion,"Just bought Nike shoes, amazing quality",Sample post text with product discussion and opinions.,181,35,0.6531870371655188,https://reddit.com/r/india/comments/142,user_142,hot,"Just bought Nike shoes, amazing quality",Sample post text with product discussion and opinions.,"Just bought Nike shoes, amazing quality Sample post text with product discussion and opinions.",2025-11-21,2025,11,4,11
post_22,2025-11-21 16:52:11.760954,IndianGaming,Best laptop to buy under 50k?,Sample post text with product discussion and opinions.,269,27,0.7980308997164943,https://reddit.com/r/india/comments/22,user_22,hot,Best laptop to buy under 50k?,Sample post text with product discussion and opinions.,Best laptop to buy under 50k? Sample post text with product discussion and opinions.,2025-11-21,2025,11,4,16
post_83,2025-11-22 05:52:11.760954,india,Great customer service from Flipkart,Sample post text with product discussion and opinions.,245,50,0.6339808885670433,https://reddit.com/r/india/comments/83,user_83,hot,Great customer service from Flipkart,Sample post text with product discussion and opinions.,Great customer service from Flipkart Sample post text with product discussion and opinions.,2025-11-22,2025,11,5,5
post_143,2025-11-22 12:52:11.760954,IndianGaming,Recommend good smartwatch for fitness,Sample post text with product discussion and opinions.,87,10,0.6481914568907876,https://reddit.com/r/india/comments/143,user_143,hot,Recommend good smartwatch for fitness,Sample post text with product discussion and opinions.,Recommend good smartwatch for fitness Sample post text with product discussion and opinions.,2025-11-22,2025,11,5,12
post_23,2025-11-22 21:52:11.760954,IndianFashion,Best laptop to buy under 50k?,Sample post text with product discussion and opinions.,445,63,0.702937180673386,https://reddit.com/r/india/comments/23,user_23,hot,Best laptop to buy under 50k?,Sample post text with product discussion and opinions.,Best laptop to buy under 50k? Sample post text with product discussion and opinions.,2025-11-22,2025,11,5,21
post_144,2025-11-23 02:52:11.760954,mumbai,OnePlus phone battery drains too fast,Sample post text with product discussion and opinions.,90,47,0.7523651916026488,https://reddit.com/r/india/comments/144,user_144,hot,OnePlus phone battery drains too fast,Sample post text with product discussion and opinions.,OnePlus phone battery drains too fast Sample post text with product discussion and opinions.,2025-11-23,2025,11,6,2
post_24,2025-11-23 05:52:11.760954,IndianFashion,Review of new iPhone - totally worth it!,Sample post text with product discussion and opinions.,40,96,0.6050145364315808,https://reddit.com/r/india/comments/24,user_24,hot,Review of new iPhone - totally worth it!,Sample post text with product discussion and opinions.,Review of new iPhone - totally worth it! Sample post text with product discussion and opinions.,2025-11-23,2025,11,6,5
post_84,2025-11-23 16:52:11.760954,IndianGaming,Great customer service from Flipkart,Sample post text with product discussion and opinions.,31,83,0.7065454748103741,https://reddit.com/r/india/comments/84,user_84,hot,Great customer service from Flipkart,Sample post text with product discussion and opinions.,Great customer service from Flipkart Sample post text with product discussion and opinions.,2025-11-23,2025,11,6,16
post_25,2025-11-24 12:52:11.760954,mumbai,Disappointed with Samsung quality,Sample post text with product discussion and opinions.,116,5,0.7525864538162523,https://reddit.com/r/india/comments/25,user_25,hot,Disappointed with Samsung quality,Sample post text with product discussion and opinions.,Disappointed with Samsung quality Sample post text with product discussion and opinions.,2025-11-24,2025,11,0,12
post_85,2025-11-24 18:52:11.760954,mumbai,Review of new iPhone - totally worth it!,Sample post text with product discussion and opinions.,146,74,0.7877505807709047,https://reddit.com/r/india/comments/85,user_85,hot,Review of new iPhone - totally worth it!,Sample post text with product discussion and opinions.,Review of new iPhone - totally worth it! Sample post text with product discussion and opinions.,2025-11-24,2025,11,0,18
post_145,2025-11-24 21:52:11.760954,mumbai,Disappointed with Samsung quality,Sample post text with product discussion and opinions.,66,75,0.8564154947287783,https://reddit.com/r/india/comments/145,user_145,hot,Disappointed with Samsung quality,Sample post text with product discussion and opinions.,Disappointed with Samsung quality Sample post text with product discussion and opinions.,2025-11-24,2025,11,0,21
post_86,2025-11-25 14:52:11.760954,india,Disappointed with Samsung quality,Sample post text with product discussion and opinions.,329,19,0.7397355103194219,https://reddit.com/r/india/comments/86,user_86,hot,Disappointed with Samsung quality,Sample post text with product discussion and opinions.,Disappointed with Samsung quality Sample post text with product discussion and opinions.,2025-11-25,2025,11,1,14
post_146,2025-11-25 15:52:11.760954,IndianGaming,Great customer service from Flipkart,Sample post text with product discussion and opinions.,5,52,0.7326408635185799,https://reddit.com/r/india/comments/146,user_146,hot,Great customer service from Flipkart,Sample post text with product discussion and opinions.,Great customer service from Flipkart Sample post text with product discussion and opinions.,2025-11-25,2025,11,1,15
post_26,2025-11-25 19:52:11.760954,bangalore,OnePlus phone battery drains too fast,Sample post text with product discussion and opinions.,440,20,0.8157812143610983,https://reddit.com/r/india/comments/26,user_26,hot,OnePlus phone battery drains too fast,Sample post text with product discussion and opinions.,OnePlus phone battery drains too fast Sample post text with product discussion and opinions.,2025-11-25,2025,11,1,19
post_87,2025-11-26 07:52:11.760954,IndianFashion,Looking for gaming headphones recommendations,Sample post text with product discussion and opinions.,139,26,0.695169247494112,https://reddit.com/r/india/comments/87,user_87,hot,Looking for gaming headphones recommendations,Sample post text with product discussion and opinions.,Looking for gaming headphones recommendations Sample post text with product discussion and opinions.,2025-11-26,2025,11,2,7
post_147,2025-11-26 16:52:11.760954,bangalore,Great customer service from Flipkart,Sample post text with product discussion and opinions.,317,76,0.9010453812147872,https://reddit.com/r/india/comments/147,user_147,hot,Great customer service from Flipkart,Sample post text with product discussion and opinions.,Great customer service from Flipkart Sample post text with product discussion and opinions.,2025-11-26,2025,11,2,16
post_27,2025-11-26 21:52:11.760954,IndianFashion,OnePlus phone battery drains too fast,Sample post text with product discussion and opinions.,424,93,0.9397007127026332,https://reddit.com/r/india/comments/27,user_27,hot,OnePlus phone battery drains too fast,Sample post text with product discussion and opinions.,OnePlus phone battery drains too fast Sample post text with product discussion and opinions.,2025-11-26,2025,11,2,21
post_88,2025-11-27 03:52:11.760954,IndianGaming,Recommend good smartwatch for fitness,Sample post text with product discussion and opinions.,407,94,0.8936907771677733,https://reddit.com/r/india/comments/88,user_88,hot,Recommend good smartwatch for fitness,Sample post text with product discussion and opinions.,Recommend good smartwatch for fitness Sample post text with product discussion and opinions.,2025-11-27,2025,11,3,3
post_148,2025-11-27 03:52:11.760954,mumbai,Review of new iPhone - totally worth it!,Sample post text with product discussion and opinions.,307,17,0.7711396440762184,https://reddit.com/r/india/comments/148,user_148,hot,Review of new iPhone - totally worth it!,Sample post text with product discussion and opinions.,Review of new iPhone - totally worth it! Sample post text with product discussion and opinions.,2025-11-27,2025,11,3,3
post_28,2025-11-27 14:52:11.760954,mumbai,"Just bought Nike shoes, amazing quality",Sample post text with product discussion and opinions.,227,61,0.8865343451896713,https://reddit.com/r/india/comments/28,user_28,hot,"Just bought Nike shoes, amazing quality",Sample post text with product discussion and opinions.,"Just bought Nike shoes, amazing quality Sample post text with product discussion and opinions.",2025-11-27,2025,11,3,14
post_89,2025-11-28 05:52:11.760954,IndianGaming,Looking for gaming headphones recommendations,Sample post text with product discussion and opinions.,491,11,0.7249088102878445,https://reddit.com/r/india/comments/89,user_89,hot,Looking for gaming headphones recommendations,Sample post text with product discussion and opinions.,Looking for gaming headphones recommendations Sample post text with product discussion and opinions.,2025-11-28,2025,11,4,5
post_29,2025-11-28 10:52:11.760954,IndianGaming,Review of new iPhone - totally worth it!,Sample post text with product discussion and opinions.,60,42,0.7021834572008878,https://reddit.com/r/india/comments/29,user_29,hot,Review of new iPhone - totally worth it!,Sample post text with product discussion and opinions.,Review of new iPhone - totally worth it! Sample post text with product discussion and opinions.,2025-11-28,2025,11,4,10
post_149,2025-11-28 12:52:11.760954,IndianGaming,Recommend good smartwatch for fitness,Sample post text with product discussion and opinions.,206,76,0.8423532793069364,https://reddit.com/r/india/comments/149,user_149,hot,Recommend good smartwatch for fitness,Sample post text with product discussion and opinions.,Recommend good smartwatch for fitness Sample post text with product discussion and opinions.,2025-11-28,2025,11,4,12
post_90,2025-11-29 03:52:11.760954,IndianGaming,Awesome deal on Amazon today!,Sample post text with product discussion and opinions.,442,34,0.847991856015954,https://reddit.com/r/india/comments/90,user_90,hot,Awesome deal on Amazon today!,Sample post text with product discussion and opinions.,Awesome deal on Amazon today! Sample post text with product discussion and opinions.,2025-11-29,2025,11,5,3
post_150,2025-11-29 10:52:11.760954,bangalore,OnePlus phone battery drains too fast,Sample post text with product discussion and opinions.,450,34,0.6410884966404424,https://reddit.com/r/india/comments/150,user_150,hot,OnePlus phone battery drains too fast,Sample post text with product discussion and opinions.,OnePlus phone battery drains too fast Sample post text with product discussion and opinions.,2025-11-29,2025,11,5,10
post_30,2025-11-29 12:52:11.760954,mumbai,Disappointed with Samsung quality,Sample post text with product discussion and opinions.,130,11,0.7587466124170142,https://reddit.com/r/india/comments/30,user_30,hot,Disappointed with Samsung quality,Sample post text with product discussion and opinions.,Disappointed with Samsung quality Sample post text with product discussion and opinions.,2025-11-29,2025,11,5,12
post_31,2025-11-30 02:52:11.760954,IndianFashion,Awesome deal on Amazon today!,Sample post text with product discussion and opinions.,58,60,0.809164682403395,https://reddit.com/r/india/comments/31,user_31,hot,Awesome deal on Amazon today!,Sample post text with product discussion and opinions.,Awesome deal on Amazon today! Sample post text with product discussion and opinions.,2025-11-30,2025,11,6,2
post_91,2025-11-30 04:52:11.760954,IndianFashion,OnePlus phone battery drains too fast,Sample post text with product discussion and opinions.,389,52,0.6435679267845473,https://reddit.com/r/india/comments/91,user_91,hot,OnePlus phone battery drains too fast,Sample post text with product discussion and opinions.,OnePlus phone battery drains too fast Sample post text with product discussion and opinions.,2025-11-30,2025,11,6,4
post_151,2025-11-30 06:52:11.760954,mumbai,Disappointed with Samsung quality,Sample post text with product discussion and opinions.,477,58,0.8268971481424523,https://reddit.com/r/india/comments/151,user_151,hot,Disappointed with Samsung quality,Sample post text with product discussion and opinions.,Disappointed with Samsung quality Sample post text with product discussion and opinions.,2025-11-30,2025,11,6,6
post_92,2025-12-01 12:52:11.760954,india,OnePlus phone battery drains too fast,Sample post text with product discussion and opinions.,345,4,0.6728170428423744,https://reddit.com/r/india/comments/92,user_92,hot,OnePlus phone battery drains too fast,Sample post text with product discussion and opinions.,OnePlus phone battery drains too fast Sample post text with product discussion and opinions.,2025-12-01,2025,12,0,12
post_32,2025-12-01 16:52:11.760954,IndianFashion,"Product arrived damaged, poor packaging",Sample post text with product discussion and opinions.,21,98,0.8563307419909365,https://reddit.com/r/india/comments/32,user_32,hot,"Product arrived damaged, poor packaging",Sample post text with product discussion and opinions.,"Product arrived damaged, poor packaging Sample post text with product discussion and opinions.",2025-12-01,2025,12,0,16
post_152,2025-12-01 16:52:11.760954,IndianFashion,Review of new iPhone - totally worth it!,Sample post text with product discussion and opinions.,229,79,0.7757216463216913,https://reddit.com/r/india/comments/152,user_152,hot,Review of new iPhone - totally worth it!,Sample post text with product discussion and opinions.,Review of new iPhone - totally worth it! Sample post text with product discussion and opinions.,2025-12-01,2025,12,0,16
post_33,2025-12-02 11:52:11.760954,IndianGaming,Recommend good smartwatch for fitness,Sample post text with product discussion and opinions.,342,64,0.7167652057515463,https://reddit.com/r/india/comments/33,user_33,hot,Recommend good smartwatch for fitness,Sample post text with product discussion and opinions.,Recommend good smartwatch for fitness Sample post text with product discussion and opinions.,2025-12-02,2025,12,1,11
post_153,2025-12-02 14:52:11.760954,IndianGaming,Best laptop to buy under 50k?,Sample post text with product discussion and opinions.,57,24,0.7025746753041682,https://reddit.com/r/india/comments/153,user_153,hot,Best laptop to buy under 50k?,Sample post text with product discussion and opinions.,Best laptop to buy under 50k? Sample post text with product discussion and opinions.,2025-12-02,2025,12,1,14
post_93,2025-12-02 21:52:11.760954,IndianGaming,OnePlus phone battery drains too fast,Sample post text with product discussion and opinions.,261,5,0.9107874460831118,https://reddit.com/r/india/comments/93,user_93,hot,OnePlus phone battery drains too fast,Sample post text with product discussion and opinions.,OnePlus phone battery drains too fast Sample post text with product discussion and opinions.,2025-12-02,2025,12,1,21
post_94,2025-12-03 08:52:11.760954,IndianGaming,Great customer service from Flipkart,Sample post text with product discussion and opinions.,387,53,0.6390138199612145,https://reddit.com/r/india/comments/94,user_94,hot,Great customer service from Flipkart,Sample post text with product discussion and opinions.,Great customer service from Flipkart Sample post text with product discussion and opinions.,2025-12-03,2025,12,2,8
post_154,2025-12-03 11:52:11.760954,IndianGaming,"Product arrived damaged, poor packaging",Sample post text with product discussion and opinions.,493,53,0.9260762039292404,https://reddit.com/r/india/comments/154,user_154,hot,"Product arrived damaged, poor packaging",Sample post text with product discussion and opinions.,"Product arrived damaged, poor packaging Sample post text with product discussion and opinions.",2025-12-03,2025,12,2,11
post_34,2025-12-03 19:52:11.760954,IndianGaming,Great customer service from Flipkart,Sample post text with product discussion and opinions.,206,34,0.6656113922495157,https://reddit.com/r/india/comments/34,user_34,hot,Great customer service from Flipkart,Sample post text with product discussion and opinions.,Great customer service from Flipkart Sample post text with product discussion and opinions.,2025-12-03,2025,12,2,19
post_155,2025-12-04 14:52:11.760954,IndianFashion,Looking for gaming headphones recommendations,Sample post text with product discussion and opinions.,146,73,0.716127682627227,https://reddit.com/r/india/comments/155,user_155,hot,Looking for gaming headphones recommendations,Sample post text with product discussion and opinions.,Looking for gaming headphones recommendations Sample post text with product discussion and opinions.,2025-12-04,2025,12,3,14
post_35,2025-12-04 17:52:11.760954,india,"Product arrived damaged, poor packaging",Sample post text with product discussion and opinions.,103,74,0.8421981269811029,https://reddit.com/r/india/comments/35,user_35,hot,"Product arrived damaged, poor packaging",Sample post text with product discussion and opinions.,"Product arrived damaged, poor packaging Sample post text with product discussion and opinions.",2025-12-04,2025,12,3,17
post_95,2025-12-04 17:52:11.760954,india,"Product arrived damaged, poor packaging",Sample post text with product discussion and opinions.,497,21,0.7049375989037209,https://reddit.com/r/india/comments/95,user_95,hot,"Product arrived damaged, poor packaging",Sample post text with product discussion and opinions.,"Product arrived damaged, poor packaging Sample post text with product discussion and opinions.",2025-12-04,2025,12,3,17
post_96,2025-12-05 04:52:11.760954,india,"Just bought Nike shoes, amazing quality",Sample post text with product discussion and opinions.,281,69,0.6326971459107369,https://reddit.com/r/india/comments/96,user_96,hot,"Just bought Nike shoes, amazing quality",Sample post text with product discussion and opinions.,"Just bought Nike shoes, amazing quality Sample post text with product discussion and opinions.",2025-12-05,2025,12,4,4
post_156,2025-12-05 14:52:11.760954,IndianFashion,Great customer service from Flipkart,Sample post text with product discussion and opinions.,75,9,0.9122915684481524,https://reddit.com/r/india/comments/156,user_156,hot,Great customer service from Flipkart,Sample post text with product discussion and opinions.,Great customer service from Flipkart Sample post text with product discussion and opinions.,2025-12-05,2025,12,4,14
post_36,2025-12-05 20:52:11.760954,bangalore,Review of new iPhone - totally worth it!,Sample post text with product discussion and opinions.,466,69,0.6490266358699581,https://reddit.com/r/india/comments/36,user_36,hot,Review of new iPhone - totally worth it!,Sample post text with product discussion and opinions.,Review of new iPhone - totally worth it! Sample post text with product discussion and opinions.,2025-12-05,2025,12,4,20
post_157,2025-12-06 01:52:11.760954,bangalore,"Product arrived damaged, poor packaging",Sample post text with product discussion and opinions.,126,11,0.7000258999611384,https://reddit.com/r/india/comments/157,user_157,hot,"Product arrived damaged, poor packaging",Sample post text with product discussion and opinions.,"Product arrived damaged, poor packaging Sample post text with product discussion and opinions.",2025-12-06,2025,12,5,1
post_37,2025-12-06 05:52:11.760954,bangalore,Best laptop to buy under 50k?,Sample post text with product discussion and opinions.,431,30,0.7698764487943577,https://reddit.com/r/india/comments/37,user_37,hot,Best laptop to buy under 50k?,Sample post text with product discussion and opinions.,Best laptop to buy under 50k? Sample post text with product discussion and opinions.,2025-12-06,2025,12,5,5
post_97,2025-12-06 16:52:11.760954,bangalore,Best laptop to buy under 50k?,Sample post text with product discussion and opinions.,241,55,0.7797985430826017,https://reddit.com/r/india/comments/97,user_97,hot,Best laptop to buy under 50k?,Sample post text with product discussion and opinions.,Best laptop to buy under 50k? Sample post text with product discussion and opinions.,2025-12-06,2025,12,5,16
post_38,2025-12-06 23:52:11.760954,IndianGaming,Looking for gaming headphones recommendations,Sample post text with product discussion and opinions.,255,80,0.8824829157958687,https://reddit.com/r/india/comments/38,user_38,hot,Looking for gaming headphones recommendations,Sample post text with product discussion and opinions.,Looking for gaming headphones recommendations Sample post text with product discussion and opinions.,2025-12-06,2025,12,5,23
post_98,2025-12-07 13:52:11.760954,bangalore,Looking for gaming headphones recommendations,Sample post text with product discussion and opinions.,62,16,0.8711819730715961,https://reddit.com/r/india/comments/98,user_98,hot,Looking for gaming headphones recommendations,Sample post text with product discussion and opinions.,Looking for gaming headphones recommendations Sample post text with product discussion and opinions.,2025-12-07,2025,12,6,13
post_158,2025-12-07 20:52:11.760954,bangalore,Best laptop to buy under 50k?,Sample post text with product discussion and opinions.,301,31,0.792066311296174,https://reddit.com/r/india/comments/158,user_158,hot,Best laptop to buy under 50k?,Sample post text with product discussion and opinions.,Best laptop to buy under 50k? Sample post text with product discussion and opinions.,2025-12-07,2025,12,6,20
post_159,2025-12-07 23:52:11.760954,bangalore,Great customer service from Flipkart,Sample post text with product discussion and opinions.,135,46,0.9180003201186936,https://reddit.com/r/india/comments/159,user_159,hot,Great customer service from Flipkart,Sample post text with product discussion and opinions.,Great customer service from Flipkart Sample post text with product discussion and opinions.,2025-12-07,2025,12,6,23
post_99,2025-12-08 03:52:11.760954,IndianFashion,Looking for gaming headphones recommendations,Sample post text with product discussion and opinions.,159,73,0.8798299691233347,https://reddit.com/r/india/comments/99,user_99,hot,Looking for gaming headphones recommendations,Sample post text with product discussion and opinions.,Looking for gaming headphones recommendations Sample post text with product discussion and opinions.,2025-12-08,2025,12,0,3
post_39,2025-12-08 19:52:11.760954,india,"Product arrived damaged, poor packaging",Sample post text with product discussion and opinions.,371,55,0.9348500910107616,https://reddit.com/r/india/comments/39,user_39,hot,"Product arrived damaged, poor packaging",Sample post text with product discussion and opinions.,"Product arrived damaged, poor packaging Sample post text with product discussion and opinions.",2025-12-08,2025,12,0,19
post_40,2025-12-08 23:52:11.760954,IndianFashion,"Just bought Nike shoes, amazing quality",Sample post text with product discussion and opinions.,431,30,0.7971722154647084,https://reddit.com/r/india/comments/40,user_40,hot,"Just bought Nike shoes, amazing quality",Sample post text with product discussion and opinions.,"Just bought Nike shoes, amazing quality Sample post text with product discussion and opinions.",2025-12-08,2025,12,0,23
post_160,2025-12-09 18:52:11.760954,india,Review of new iPhone - totally worth it!,Sample post text with product discussion and opinions.,344,77,0.8328284524758767,https://reddit.com/r/india/comments/160,user_160,hot,Review of new iPhone - totally worth it!,Sample post text with product discussion and opinions.,Review of new iPhone - totally worth it! Sample post text with product discussion and opinions.,2025-12-09,2025,12,1,18
post_100,2025-12-09 19:52:11.760954,IndianGaming,Looking for gaming headphones recommendations,Sample post text with product discussion and opinions.,210,37,0.7249257268229254,https://reddit.com/r/india/comments/100,user_100,hot,Looking for gaming headphones recommendations,Sample post text with product discussion and opinions.,Looking for gaming headphones recommendations Sample post text with product discussion and opinions.,2025-12-09,2025,12,1,19
post_101,2025-12-10 02:52:11.760954,mumbai,Recommend good smartwatch for fitness,Sample post text with product discussion and opinions.,168,12,0.9441723082622536,https://reddit.com/r/india/comments/101,user_101,hot,Recommend good smartwatch for fitness,Sample post text with product discussion and opinions.,Recommend good smartwatch for fitness Sample post text with product discussion and opinions.,2025-12-10,2025,12,2,2
post_161,2025-12-10 12:52:11.760954,bangalore,Looking for gaming headphones recommendations,Sample post text with product discussion and opinions.,304,85,0.9200655209581504,https://reddit.com/r/india/comments/161,user_161,hot,Looking for gaming headphones recommendations,Sample post text with product discussion and opinions.,Looking for gaming headphones recommendations Sample post text with product discussion and opinions.,2025-12-10,2025,12,2,12
post_41,2025-12-10 20:52:11.760954,bangalore,"Just bought Nike shoes, amazing quality",Sample post text with product discussion and opinions.,109,35,0.9365956718441883,https://reddit.com/r/india/comments/41,user_41,hot,"Just bought Nike shoes, amazing quality",Sample post text with product discussion and opinions.,"Just bought Nike shoes, amazing quality Sample post text with product discussion and opinions.",2025-12-10,2025,12,2,20
post_102,2025-12-11 10:52:11.760954,bangalore,"Product arrived damaged, poor packaging",Sample post text with product discussion and opinions.,206,73,0.869824653633715,https://reddit.com/r/india/comments/102,user_102,hot,"Product arrived damaged, poor packaging",Sample post text with product discussion and opinions.,"Product arrived damaged, poor packaging Sample post text with product discussion and opinions.",2025-12-11,2025,12,3,10
post_162,2025-12-11 19:52:11.760954,IndianGaming,OnePlus phone battery drains too fast,Sample post text with product discussion and opinions.,271,96,0.6470329850102424,https://reddit.com/r/india/comments/162,user_162,hot,OnePlus phone battery drains too fast,Sample post text with product discussion and opinions.,OnePlus phone battery drains too fast Sample post text with product discussion and opinions.,2025-12-11,2025,12,3,19
post_42,2025-12-11 20:52:11.760954,IndianGaming,"Just bought Nike shoes, amazing quality",Sample post text with product discussion and opinions.,230,50,0.8882642317697087,https://reddit.com/r/india/comments/42,user_42,hot,"Just bought Nike shoes, amazing quality",Sample post text with product discussion and opinions.,"Just bought Nike shoes, amazing quality Sample post text with product discussion and opinions.",2025-12-11,2025,12,3,20
post_163,2025-12-11 23:52:11.760954,IndianGaming,Best laptop to buy under 50k?,Sample post text with product discussion and opinions.,13,88,0.7407542415982031,https://reddit.com/r/india/comments/163,user_163,hot,Best laptop to buy under 50k?,Sample post text with product discussion and opinions.,Best laptop to buy under 50k? Sample post text with product discussion and opinions.,2025-12-11,2025,12,3,23
post_43,2025-12-12 07:52:11.760954,india,Looking for gaming headphones recommendations,Sample post text with product discussion and opinions.,222,24,0.9252454150541602,https://reddit.com/r/india/comments/43,user_43,hot,Looking for gaming headphones recommendations,Sample post text with product discussion and opinions.,Looking for gaming headphones recommendations Sample post text with product discussion and opinions.,2025-12-12,2025,12,4,7
post_103,2025-12-12 08:52:11.760954,IndianGaming,"Product arrived damaged, poor packaging",Sample post text with product discussion and opinions.,186,11,0.9470392974036936,https://reddit.com/r/india/comments/103,user_103,hot,"Product arrived damaged, poor packaging",Sample post text with product discussion and opinions.,"Product arrived damaged, poor packaging Sample post text with product discussion and opinions.",2025-12-12,2025,12,4,8
post_104,2025-12-12 23:52:11.760954,mumbai,"Just bought Nike shoes, amazing quality",Sample post text with product discussion and opinions.,82,39,0.794083435365168,https://reddit.com/r/india/comments/104,user_104,hot,"Just bought Nike shoes, amazing quality",Sample post text with product discussion and opinions.,"Just bought Nike shoes, amazing quality Sample post text with product discussion and opinions.",2025-12-12,2025,12,4,23
post_44,2025-12-13 03:52:11.760954,bangalore,Great customer service from Flipkart,Sample post text with product discussion and opinions.,3,14,0.6583772945445621,https://reddit.com/r/india/comments/44,user_44,hot,Great customer service from Flipkart,Sample post text with product discussion and opinions.,Great customer service from Flipkart Sample post text with product discussion and opinions.,2025-12-13,2025,12,5,3
post_164,2025-12-13 18:52:11.760954,bangalore,OnePlus phone battery drains too fast,Sample post text with product discussion and opinions.,362,76,0.7909504412342601,https://reddit.com/r/india/comments/164,user_164,hot,OnePlus phone battery drains too fast,Sample post text with product discussion and opinions.,OnePlus phone battery drains too fast Sample post text with product discussion and opinions.,2025-12-13,2025,12,5,18
post_105,2025-12-13 23:52:11.760954,india,OnePlus phone battery drains too fast,Sample post text with product discussion and opinions.,475,60,0.7213559021042996,https://reddit.com/r/india/comments/105,user_105,hot,OnePlus phone battery drains too fast,Sample post text with product discussion and opinions.,OnePlus phone battery drains too fast Sample post text with product discussion and opinions.,2025-12-13,2025,12,5,23
post_45,2025-12-14 05:52:11.760954,india,Looking for gaming headphones recommendations,Sample post text with product discussion and opinions.,479,38,0.7150357419910479,https://reddit.com/r/india/comments/45,user_45,hot,Looking for gaming headphones recommendations,Sample post text with product discussion and opinions.,Looking for gaming headphones recommendations Sample post text with product discussion and opinions.,2025-12-14,2025,12,6,5
post_165,2025-12-14 07:52:11.760954,IndianGaming,"Product arrived damaged, poor packaging",Sample post text with product discussion and opinions.,126,95,0.724326318360114,https://reddit.com/r/india/comments/165,user_165,hot,"Product arrived damaged, poor packaging",Sample post text with product discussion and opinions.,"Product arrived damaged, poor packaging Sample post text with product discussion and opinions.",2025-12-14,2025,12,6,7
post_106,2025-12-14 23:52:11.760954,IndianGaming,Review of new iPhone - totally worth it!,Sample post text with product discussion and opinions.,179,67,0.8120077406284997,https://reddit.com/r/india/comments/106,user_106,hot,Review of new iPhone - totally worth it!,Sample post text with product discussion and opinions.,Review of new iPhone - totally worth it! Sample post text with product discussion and opinions.,2025-12-14,2025,12,6,23
post_46,2025-12-15 08:52:11.760954,bangalore,Recommend good smartwatch for fitness,Sample post text with product discussion and opinions.,40,41,0.8355165849579949,https://reddit.com/r/india/comments/46,user_46,hot,Recommend good smartwatch for fitness,Sample post text with product discussion and opinions.,Recommend good smartwatch for fitness Sample post text with product discussion and opinions.,2025-12-15,2025,12,0,8
post_166,2025-12-15 22:52:11.760954,IndianFashion,"Product arrived damaged, poor packaging",Sample post text with product discussion and opinions.,417,42,0.7029735093140782,https://reddit.com/r/india/comments/166,user_166,hot,"Product arrived damaged, poor packaging",Sample post text with product discussion and opinions.,"Product arrived damaged, poor packaging Sample post text with product discussion and opinions.",2025-12-15,2025,12,0,22
post_107,2025-12-15 23:52:11.760954,india,Best laptop to buy under 50k?,Sample post text with product discussion and opinions.,366,92,0.7548837421308332,https://reddit.com/r/india/comments/107,user_107,hot,Best laptop to buy under 50k?,Sample post text with product discussion and opinions.,Best laptop to buy under 50k? Sample post text with product discussion and opinions.,2025-12-15,2025,12,0,23
post_47,2025-12-16 01:52:11.760954,india,Great customer service from Flipkart,Sample post text with product discussion and opinions.,249,41,0.849745349897258,https://reddit.com/r/india/comments/47,user_47,hot,Great customer service from Flipkart,Sample post text with product discussion and opinions.,Great customer service from Flipkart Sample post text with product discussion and opinions.,2025-12-16,2025,12,1,1
post_167,2025-12-16 18:52:11.760954,mumbai,"Product arrived damaged, poor packaging",Sample post text with product discussion and opinions.,136,12,0.6351496706919337,https://reddit.com/r/india/comments/167,user_167,hot,"Product arrived damaged, poor packaging",Sample post text with product discussion and opinions.,"Product arrived damaged, poor packaging Sample post text with product discussion and opinions.",2025-12-16,2025,12,1,18
post_48,2025-12-17 00:52:11.760954,india,Best laptop to buy under 50k?,Sample post text with product discussion and opinions.,387,62,0.7050966617976381,https://reddit.com/r/india/comments/48,user_48,hot,Best laptop to buy under 50k?,Sample post text with product discussion and opinions.,Best laptop to buy under 50k? Sample post text with product discussion and opinions.,2025-12-17,2025,12,2,0
post_108,2025-12-17 01:52:11.760954,IndianGaming,Looking for gaming headphones recommendations,Sample post text with product discussion and opinions.,438,19,0.7398209566507968,https://reddit.com/r/india/comments/108,user_108,hot,Looking for gaming headphones recommendations,Sample post text with product discussion and opinions.,Looking for gaming headphones recommendations Sample post text with product discussion and opinions.,2025-12-17,2025,12,2,1
post_168,2025-12-17 09:52:11.760954,IndianGaming,Review of new iPhone - totally worth it!,Sample post text with product discussion and opinions.,243,72,0.6844229769998244,https://reddit.com/r/india/comments/168,user_168,hot,Review of new iPhone - totally worth it!,Sample post text with product discussion and opinions.,Review of new iPhone - totally worth it! Sample post text with product discussion and opinions.,2025-12-17,2025,12,2,9
post_49,2025-12-18 00:52:11.760954,mumbai,Looking for gaming headphones recommendations,Sample post text with product discussion and opinions.,131,76,0.94753489304771,https://reddit.com/r/india/comments/49,user_49,hot,Looking for gaming headphones recommendations,Sample post text with product discussion and opinions.,Looking for gaming headphones recommendations Sample post text with product discussion and opinions.,2025-12-18,2025,12,3,0
post_169,2025-12-18 11:52:11.760954,IndianGaming,Awesome deal on Amazon today!,Sample post text with product discussion and opinions.,236,52,0.7159250870227186,https://reddit.com/r/india/comments/169,user_169,hot,Awesome deal on Amazon today!,Sample post text with product discussion and opinions.,Awesome deal on Amazon today! Sample post text with product discussion and opinions.,2025-12-18,2025,12,3,11
post_109,2025-12-18 17:52:11.760954,india,"Just bought Nike shoes, amazing quality",Sample post text with product discussion and opinions.,52,62,0.8632656433306162,https://reddit.com/r/india/comments/109,user_109,hot,"Just bought Nike shoes, amazing quality",Sample post text with product discussion and opinions.,"Just bought Nike shoes, amazing quality Sample post text with product discussion and opinions.",2025-12-18,2025,12,3,17
post_170,2025-12-19 02:52:11.760954,mumbai,Disappointed with Samsung quality,Sample post text with product discussion and opinions.,366,65,0.7409880649749186,https://reddit.com/r/india/comments/170,user_170,hot,Disappointed with Samsung quality,Sample post text with product discussion and opinions.,Disappointed with Samsung quality Sample post text with product discussion and opinions.,2025-12-19,2025,12,4,2
post_50,2025-12-19 03:52:11.760954,IndianFashion,Awesome deal on Amazon today!,Sample post text with product discussion and opinions.,332,77,0.6464528280499824,https://reddit.com/r/india/comments/50,user_50,hot,Awesome deal on Amazon today!,Sample post text with product discussion and opinions.,Awesome deal on Amazon today! Sample post text with product discussion and opinions.,2025-12-19,2025,12,4,3
post_110,2025-12-19 12:52:11.760954,IndianGaming,Great customer service from Flipkart,Sample post text with product discussion and opinions.,256,6,0.6779782834046673,https://reddit.com/r/india/comments/110,user_110,hot,Great customer service from Flipkart,Sample post text with product discussion and opinions.,Great customer service from Flipkart Sample post text with product discussion and opinions.,2025-12-19,2025,12,4,12
post_51,2025-12-19 23:52:11.760954,IndianFashion,Disappointed with Samsung quality,Sample post text with product discussion and opinions.,112,27,0.6541462214899096,https://reddit.com/r/india/comments/51,user_51,hot,Disappointed with Samsung quality,Sample post text with product discussion and opinions.,Disappointed with Samsung quality Sample post text with product discussion and opinions.,2025-12-19,2025,12,4,23
post_111,2025-12-20 04:52:11.760954,bangalore,Disappointed with Samsung quality,Sample post text with product discussion and opinions.,276,15,0.624621042161249,https://reddit.com/r/india/comments/111,user_111,hot,Disappointed with Samsung quality,Sample post text with product discussion and opinions.,Disappointed with Samsung quality Sample post text with product discussion and opinions.,2025-12-20,2025,12,5,4
post_171,2025-12-20 04:52:11.760954,bangalore,Best laptop to buy under 50k?,Sample post text with product discussion and opinions.,111,47,0.8637373051867667,https://reddit.com/r/india/comments/171,user_171,hot,Best laptop to buy under 50k?,Sample post text with product discussion and opinions.,Best laptop to buy under 50k? Sample post text with product discussion and opinions.,2025-12-20,2025,12,5,4
post_112,2025-12-20 23:52:11.760954,IndianGaming,Great customer service from Flipkart,Sample post text with product discussion and opinions.,407,57,0.799368868959753,https://reddit.com/r/india/comments/112,user_112,hot,Great customer service from Flipkart,Sample post text with product discussion and opinions.,Great customer service from Flipkart Sample post text with product discussion and opinions.,2025-12-20,2025,12,5,23
post_172,2025-12-21 05:52:11.760954,india,OnePlus phone battery drains too fast,Sample post text with product discussion and opinions.,21,3,0.8932969974047068,https://reddit.com/r/india/comments/172,user_172,hot,OnePlus phone battery drains too fast,Sample post text with product discussion and opinions.,OnePlus phone battery drains too fast Sample post text with product discussion and opinions.,2025-12-21,2025,12,6,5
post_52,2025-12-21 06:52:11.760954,IndianFashion,Disappointed with Samsung quality,Sample post text with product discussion and opinions.,84,59,0.8757994368839057,https://reddit.com/r/india/comments/52,user_52,hot,Disappointed with Samsung quality,Sample post text with product discussion and opinions.,Disappointed with Samsung quality Sample post text with product discussion and opinions.,2025-12-21,2025,12,6,6
post_53,2025-12-22 06:52:11.760954,IndianFashion,Looking for gaming headphones recommendations,Sample post text with product discussion and opinions.,138,12,0.6282771246032706,https://reddit.com/r/india/comments/53,user_53,hot,Looking for gaming headphones recommendations,Sample post text with product discussion and opinions.,Looking for gaming headphones recommendations Sample post text with product discussion and opinions.,2025-12-22,2025,12,0,6
post_113,2025-12-22 13:52:11.760954,india,Great customer service from Flipkart,Sample post text with product discussion and opinions.,390,10,0.6950600790848656,https://reddit.com/r/india/comments/113,user_113,hot,Great customer service from Flipkart,Sample post text with product discussion and opinions.,Great customer service from Flipkart Sample post text with product discussion and opinions.,2025-12-22,2025,12,0,13
post_173,2025-12-22 17:52:11.760954,bangalore,OnePlus phone battery drains too fast,Sample post text with product discussion and opinions.,426,78,0.8622207562597861,https://reddit.com/r/india/comments/173,user_173,hot,OnePlus phone battery drains too fast,Sample post text with product discussion and opinions.,OnePlus phone battery drains too fast Sample post text with product discussion and opinions.,2025-12-22,2025,12,0,17
post_114,2025-12-23 11:52:11.760954,IndianGaming,Recommend good smartwatch for fitness,Sample post text with product discussion and opinions.,178,18,0.8173408073958385,https://reddit.com/r/india/comments/114,user_114,hot,Recommend good smartwatch for fitness,Sample post text with product discussion and opinions.,Recommend good smartwatch for fitness Sample post text with product discussion and opinions.,2025-12-23,2025,12,1,11
post_54,2025-12-23 11:52:11.760954,IndianGaming,"Product arrived damaged, poor packaging",Sample post text with product discussion and opinions.,68,9,0.7242110661014802,https://reddit.com/r/india/comments/54,user_54,hot,"Product arrived damaged, poor packaging",Sample post text with product discussion and opinions.,"Product arrived damaged, poor packaging Sample post text with product discussion and opinions.",2025-12-23,2025,12,1,11
post_174,2025-12-23 17:52:11.760954,IndianFashion,Awesome deal on Amazon today!,Sample post text with product discussion and opinions.,93,65,0.7289341289541311,https://reddit.com/r/india/comments/174,user_174,hot,Awesome deal on Amazon today!,Sample post text with product discussion and opinions.,Awesome deal on Amazon today! Sample post text with product discussion and opinions.,2025-12-23,2025,12,1,17
post_55,2025-12-24 00:52:11.760954,mumbai,Best laptop to buy under 50k?,Sample post text with product discussion and opinions.,164,24,0.6267699761848091,https://reddit.com/r/india/comments/55,user_55,hot,Best laptop to buy under 50k?,Sample post text with product discussion and opinions.,Best laptop to buy under 50k? Sample post text with product discussion and opinions.,2025-12-24,2025,12,2,0
post_115,2025-12-24 18:52:11.760954,mumbai,"Just bought Nike shoes, amazing quality",Sample post text with product discussion and opinions.,114,48,0.8486394443568528,https://reddit.com/r/india/comments/115,user_115,hot,"Just bought Nike shoes, amazing quality",Sample post text with product discussion and opinions.,"Just bought Nike shoes, amazing quality Sample post text with product discussion and opinions.",2025-12-24,2025,12,2,18
post_175,2025-12-24 18:52:11.760954,IndianFashion,Review of new iPhone - totally worth it!,Sample post text with product discussion and opinions.,395,8,0.7077874290026654,https://reddit.com/r/india/comments/175,user_175,hot,Review of new iPhone - totally worth it!,Sample post text with product discussion and opinions.,Review of new iPhone - totally worth it! Sample post text with product discussion and opinions.,2025-12-24,2025,12,2,18
post_176,2025-12-25 06:52:11.760954,mumbai,Disappointed with Samsung quality,Sample post text with product discussion and opinions.,230,85,0.8532658175963006,https://reddit.com/r/india/comments/176,user_176,hot,Disappointed with Samsung quality,Sample post text with product discussion and opinions.,Disappointed with Samsung quality Sample post text with product discussion and opinions.,2025-12-25,2025,12,3,6
post_116,2025-12-25 12:52:11.760954,mumbai,Best laptop to buy under 50k?,Sample post text with product discussion and opinions.,162,6,0.7464237944410471,https://reddit.com/r/india/comments/116,user_116,hot,Best laptop to buy under 50k?,Sample post text with product discussion and opinions.,Best laptop to buy under 50k? Sample post text with product discussion and opinions.,2025-12-25,2025,12,3,12
post_56,2025-12-25 19:52:11.760954,IndianFashion,"Product arrived damaged, poor packaging",Sample post text with product discussion and opinions.,194,99,0.6482313291900709,https://reddit.com/r/india/comments/56,user_56,hot,"Product arrived damaged, poor packaging",Sample post text with product discussion and opinions.,"Product arrived damaged, poor packaging Sample post text with product discussion and opinions.",2025-12-25,2025,12,3,19
post_57,2025-12-25 23:52:11.760954,india,"Just bought Nike shoes, amazing quality",Sample post text with product discussion and opinions.,21,50,0.8994001142486874,https://reddit.com/r/india/comments/57,user_57,hot,"Just bought Nike shoes, amazing quality",Sample post text with product discussion and opinions.,"Just bought Nike shoes, amazing quality Sample post text with product discussion and opinions.",2025-12-25,2025,12,3,23
post_177,2025-12-26 05:52:11.760954,mumbai,Great customer service from Flipkart,Sample post text with product discussion and opinions.,379,58,0.865392184704608,https://reddit.com/r/india/comments/177,user_177,hot,Great customer service from Flipkart,Sample post text with product discussion and opinions.,Great customer service from Flipkart Sample post text with product discussion and opinions.,2025-12-26,2025,12,4,5
post_117,2025-12-26 08:52:11.760954,IndianFashion,Great customer service from Flipkart,Sample post text with product discussion and opinions.,122,99,0.8874556046826427,https://reddit.com/r/india/comments/117,user_117,hot,Great customer service from Flipkart,Sample post text with product discussion and opinions.,Great customer service from Flipkart Sample post text with product discussion and opinions.,2025-12-26,2025,12,4,8
post_118,2025-12-27 02:52:11.760954,india,"Product arrived damaged, poor packaging",Sample post text with product discussion and opinions.,475,12,0.8793822733960213,https://reddit.com/r/india/comments/118,user_118,hot,"Product arrived damaged, poor packaging",Sample post text with product discussion and opinions.,"Product arrived damaged, poor packaging Sample post text with product discussion and opinions.",2025-12-27,2025,12,5,2
post_178,2025-12-27 04:52:11.760954,india,Disappointed with Samsung quality,Sample post text with product discussion and opinions.,413,40,0.8371252830098523,https://reddit.com/r/india/comments/178,user_178,hot,Disappointed with Samsung quality,Sample post text with product discussion and opinions.,Disappointed with Samsung quality Sample post text with product discussion and opinions.,2025-12-27,2025,12,5,4
post_58,2025-12-27 11:52:11.760954,mumbai,Awesome deal on Amazon today!,Sample post text with product discussion and opinions.,220,67,0.8704194072854514,https://reddit.com/r/india/comments/58,user_58,hot,Awesome deal on Amazon today!,Sample post text with product discussion and opinions.,Awesome deal on Amazon today! Sample post text with product discussion and opinions.,2025-12-27,2025,12,5,11
post_179,2025-12-28 04:52:11.760954,india,OnePlus phone battery drains too fast,Sample post text with product discussion and opinions.,25,14,0.8926300119430268,https://reddit.com/r/india/comments/179,user_179,hot,OnePlus phone battery drains too fast,Sample post text with product discussion and opinions.,OnePlus phone battery drains too fast Sample post text with product discussion and opinions.,2025-12-28,2025,12,6,4
post_119,2025-12-28 07:52:11.760954,bangalore,Awesome deal on Amazon today!,Sample post text with product discussion and opinions.,437,77,0.7583252022415354,https://reddit.com/r/india/comments/119,user_119,hot,Awesome deal on Amazon today!,Sample post text with product discussion and opinions.,Awesome deal on Amazon today! Sample post text with product discussion and opinions.,2025-12-28,2025,12,6,7
post_59,2025-12-28 18:52:11.760954,india,Best laptop to buy under 50k?,Sample post text with product discussion and opinions.,494,78,0.9142948604886176,https://reddit.com/r/india/comments/59,user_59,hot,Best laptop to buy under 50k?,Sample post text with product discussion and opinions.,Best laptop to buy under 50k? Sample post text with product discussion and opinions.,2025-12-28,2025,12,6,18
